,Stock,Macro precision,Micro precision,Macro f1,Micro f1
0,MSFT,0.603041774589892,0.676712328767123,0.605586080586081,0.676712328767123
1,INTC,0.536922442244225,0.427397260273973,0.427380067707043,0.427397260273973
2,EBAY,0.532039141414141,0.419178082191781,0.411755762330475,0.419178082191781
3,XOM,0.5553935359912167,0.5150684931506849,0.5117702626109957,0.5150684931506849
4,AAPL,0.5990434782608696,0.5150684931506849,0.5150539329385007,0.5150684931506849
5,UAL,0.6811594202898551,0.5753424657534246,0.4428358987994997,0.5753424657534246
6,JPM,0.5740600133632995,0.6,0.5592370806590352,0.6
7,DAL,0.23424657534246576,0.4684931506849315,0.31902985074626866,0.4684931506849315
