,Stock,Macro precision,Micro precision,Macro f1,Micro f1
0,MSFT,0.603041774589892,0.676712328767123,0.605586080586081,0.676712328767123
1,INTC,0.536922442244225,0.427397260273973,0.427380067707043,0.427397260273973
2,EBAY,0.532039141414141,0.419178082191781,0.411755762330475,0.419178082191781
